flight_id,flight_number,airline_code,airline_name,origin_iata,destination_iata,scheduled_departure,scheduled_arrival,aircraft_registration,aircraft_type,terminal,gate,status,delay_minutes,delay_reason_code,pax_count_booked
FLT00001,I5-252,I5,AirAsia India,PNQ,DEL,2024-01-15T18:03:00,2024-01-15T20:30:00,VT-VL236,A320,T1,G23,SCH,0,,308
FLT00002,AI-529,AI,Air India,GOI,MAA,2024-01-15T15:04:00,2024-01-15T17:07:00,VT-ZE877,B787,T3,G31,SCH,0,,150
FLT00003,UK-429,UK,Vistara,COK,MAA,2024-01-15T23:33:00,2024-01-16T02:14:00,VT-ZY763,A320,T2,G23,DEP,74,TECH,337
FLT00004,I5-642,I5,AirAsia India,HYD,BLR,2024-01-15T05:53:00,2024-01-15T07:33:00,VT-US148,B737,T1,G02,CNX,0,,321
FLT00005,IX-689,IX,Air India Express,GOI,MAA,2024-01-15T10:26:00,2024-01-15T11:38:00,VT-EP991,B787,T3,G16,BRD,73,WX,192
FLT00006,I5-681,I5,AirAsia India,CCU,BLR,2024-01-15T11:00:00,2024-01-15T12:30:00,VT-VL691,A330,T2,G23,ARR,0,,260
FLT00007,SG-120,SG,SpiceJet,GOI,MAA,2024-01-15T21:48:00,2024-01-15T23:57:00,VT-NP802,A320,T1,G32,SCH,0,,192
FLT00008,QP-700,QP,Akasa Air,DEL,AMD,2024-01-15T11:52:00,2024-01-15T14:35:00,VT-RE920,B738,T2,G12,CNX,0,,155
FLT00009,SG-239,SG,SpiceJet,BOM,GOI,2024-01-15T17:27:00,2024-01-15T18:36:00,VT-WS613,A321,T3,G26,ARR,0,,245
FLT00010,SG-487,SG,SpiceJet,AMD,COK,2024-01-15T15:49:00,2024-01-15T17:11:00,VT-XL711,B738,T3,G40,CNX,0,,169
FLT00011,G8-928,G8,Go First,HYD,BLR,2024-01-15T11:03:00,2024-01-15T13:36:00,VT-XD125,B787,T3,G37,DEP,0,,242
FLT00012,UK-941,UK,Vistara,GOI,BOM,2024-01-15T21:56:00,2024-01-15T23:14:00,VT-FJ819,AT72,T3,G05,SCH,49,ATC,125
FLT00013,IX-495,IX,Air India Express,PNQ,DEL,2024-01-15T14:03:00,2024-01-15T15:29:00,VT-WZ507,B787,T3,G05,BRD,37,WX,104
FLT00014,QP-266,QP,Akasa Air,AMD,BLR,2024-01-15T19:07:00,2024-01-15T21:10:00,VT-WF472,B737,T2,G35,DEP,17,,195
FLT00015,QP-264,QP,Akasa Air,BOM,DEL,2024-01-15T15:03:00,2024-01-15T16:05:00,VT-ME803,B738,T2,G07,SCH,0,,272
FLT00016,6E-260,6E,IndiGo,COK,BOM,2024-01-15T16:32:00,2024-01-15T18:48:00,VT-PB676,AT72,T2,G02,DEP,0,,302
FLT00017,AI-404,AI,Air India,BOM,AMD,2024-01-15T12:00:00,2024-01-15T13:24:00,VT-DZ765,B737,T3,G36,DLY,0,,224
FLT00018,UK-401,UK,Vistara,BOM,DEL,2024-01-15T18:24:00,2024-01-15T20:37:00,VT-FR763,B737,T2,G10,SCH,0,,124
FLT00019,QP-582,QP,Akasa Air,MAA,BOM,2024-01-15T05:52:00,2024-01-15T07:18:00,VT-WY488,B737,T3,G19,SCH,65,TECH,283
FLT00020,QP-550,QP,Akasa Air,HYD,BOM,2024-01-15T23:34:00,2024-01-16T01:23:00,VT-GG856,B738,T2,G25,BRD,0,,214
FLT00021,QP-874,QP,Akasa Air,HYD,MAA,2024-01-15T14:10:00,2024-01-15T16:22:00,VT-CH270,B738,T1,G07,SCH,0,,291
FLT00022,UK-587,UK,Vistara,COK,DEL,2024-01-15T18:12:00,2024-01-15T20:56:00,VT-UL778,B738,T2,G35,DLY,0,,200
FLT00023,G8-277,G8,Go First,BOM,PNQ,2024-01-15T06:11:00,2024-01-15T08:15:00,VT-RE625,B738,T3,G37,DLY,0,,309
FLT00024,SG-427,SG,SpiceJet,MAA,HYD,2024-01-15T09:18:00,2024-01-15T10:23:00,VT-UT905,A330,T1,G28,SCH,0,,212
FLT00025,6E-900,6E,IndiGo,BOM,PNQ,2024-01-15T23:59:00,2024-01-16T01:49:00,VT-YG279,A330,T2,G18,ARR,63,WX,347
FLT00026,I5-904,I5,AirAsia India,BOM,PNQ,2024-01-15T10:06:00,2024-01-15T11:24:00,VT-TG686,A330,T3,G38,CNX,17,,131
FLT00027,G8-382,G8,Go First,COK,CCU,2024-01-15T19:01:00,2024-01-15T20:34:00,VT-MK771,B787,T3,G32,ARR,0,,168
FLT00028,I5-445,I5,AirAsia India,BLR,PNQ,2024-01-15T06:19:00,2024-01-15T08:09:00,VT-FJ819,AT72,T3,G16,SCH,65,TECH,90
FLT00029,G8-892,G8,Go First,HYD,CCU,2024-01-15T21:46:00,2024-01-16T00:35:00,VT-CK145,AT72,T3,G07,CNX,0,,306
FLT00030,IX-627,IX,Air India Express,HYD,PNQ,2024-01-15T08:02:00,2024-01-15T09:26:00,VT-ZR459,B738,T1,G27,DLY,67,TECH,108
FLT00031,SG-957,SG,SpiceJet,BOM,CCU,2024-01-15T22:17:00,2024-01-16T00:08:00,VT-JL427,A330,T3,G37,SCH,0,,182
FLT00032,AI-750,AI,Air India,MAA,DEL,2024-01-15T20:34:00,2024-01-15T21:40:00,VT-MX934,A321,T3,G13,BRD,52,,283
FLT00033,6E-452,6E,IndiGo,DEL,HYD,2024-01-15T17:42:00,2024-01-15T19:44:00,VT-HP407,B737,T2,G12,CNX,0,,259
FLT00034,SG-762,SG,SpiceJet,HYD,BOM,2024-01-15T14:43:00,2024-01-15T15:46:00,VT-UN758,AT72,T1,G11,CNX,78,ATC,193
FLT00035,UK-329,UK,Vistara,MAA,CCU,2024-01-15T18:58:00,2024-01-15T21:03:00,VT-NJ755,B787,T3,G01,DEP,0,,84
FLT00036,G8-944,G8,Go First,GOI,HYD,2024-01-15T14:23:00,2024-01-15T16:17:00,VT-TX276,A320,T2,G30,BRD,0,,346
FLT00037,I5-800,I5,AirAsia India,GOI,BOM,2024-01-15T05:15:00,2024-01-15T07:20:00,VT-NC842,A330,T2,G36,DLY,0,,232
FLT00038,6E-292,6E,IndiGo,PNQ,BOM,2024-01-15T16:28:00,2024-01-15T18:03:00,VT-VD640,A320,T2,G18,BRD,0,,232
FLT00039,SG-402,SG,SpiceJet,COK,MAA,2024-01-15T06:56:00,2024-01-15T09:39:00,VT-RB675,B738,T2,G21,DLY,0,,334
FLT00040,G8-802,G8,Go First,AMD,PNQ,2024-01-15T18:15:00,2024-01-15T20:49:00,VT-DX405,AT72,T3,G37,CNX,0,,193
FLT00041,QP-858,QP,Akasa Air,CCU,GOI,2024-01-15T15:14:00,2024-01-15T18:02:00,VT-WY488,B737,T3,G36,SCH,0,,145
FLT00042,G8-480,G8,Go First,COK,BLR,2024-01-15T16:27:00,2024-01-15T18:50:00,VT-XJ265,B787,T1,G23,SCH,0,,249
FLT00043,G8-583,G8,Go First,GOI,HYD,2024-01-15T20:49:00,2024-01-15T23:37:00,VT-VW770,B737,T2,G04,CNX,0,,116
FLT00044,UK-450,UK,Vistara,COK,BOM,2024-01-15T18:01:00,2024-01-15T20:08:00,VT-UG700,A321,T2,G04,CNX,0,,182
FLT00045,I5-420,I5,AirAsia India,GOI,PNQ,2024-01-15T09:53:00,2024-01-15T11:33:00,VT-ZX277,A330,T1,G06,DEP,0,,170
FLT00046,AI-232,AI,Air India,DEL,COK,2024-01-15T14:20:00,2024-01-15T15:46:00,VT-HN191,B787,T1,G37,CNX,0,,125
FLT00047,I5-429,I5,AirAsia India,AMD,PNQ,2024-01-15T19:38:00,2024-01-15T21:39:00,VT-MK771,B787,T1,G03,ARR,0,,87
FLT00048,UK-271,UK,Vistara,DEL,BOM,2024-01-15T13:29:00,2024-01-15T14:57:00,VT-GT594,B737,T2,G20,SCH,0,,236
FLT00049,6E-450,6E,IndiGo,DEL,CCU,2024-01-15T14:55:00,2024-01-15T16:53:00,VT-BR659,A321,T3,G39,ARR,0,,148
FLT00050,QP-703,QP,Akasa Air,CCU,MAA,2024-01-15T10:37:00,2024-01-15T13:33:00,VT-KC881,A321,T1,G15,SCH,0,,91
FLT00051,SG-777,SG,SpiceJet,BOM,AMD,2024-01-15T06:16:00,2024-01-15T08:04:00,VT-VD640,A320,T2,G35,ARR,0,,104
FLT00052,6E-310,6E,IndiGo,DEL,BOM,2024-01-15T08:57:00,2024-01-15T10:50:00,VT-XB176,B787,T2,G08,ARR,0,,158
FLT00053,AI-623,AI,Air India,HYD,PNQ,2024-01-15T08:26:00,2024-01-15T10:50:00,VT-PZ308,B738,T2,G40,ARR,0,,133
FLT00054,6E-820,6E,IndiGo,HYD,BOM,2024-01-15T08:37:00,2024-01-15T10:40:00,VT-KV539,B737,T3,G13,CNX,38,ATC,263
FLT00055,I5-213,I5,AirAsia India,HYD,BLR,2024-01-15T06:20:00,2024-01-15T08:30:00,VT-WX788,B738,T1,G31,BRD,0,,125
FLT00056,QP-370,QP,Akasa Air,BLR,BOM,2024-01-15T22:27:00,2024-01-15T23:36:00,VT-BJ330,A330,T3,G07,BRD,0,,231
FLT00057,QP-197,QP,Akasa Air,DEL,BLR,2024-01-15T10:57:00,2024-01-15T13:48:00,VT-HB346,A330,T2,G24,CNX,0,,139
FLT00058,AI-287,AI,Air India,DEL,MAA,2024-01-15T10:49:00,2024-01-15T12:31:00,VT-LF178,A330,T2,G40,BRD,0,,255
FLT00059,6E-215,6E,IndiGo,AMD,PNQ,2024-01-15T20:34:00,2024-01-15T22:08:00,VT-UN758,AT72,T3,G31,CNX,0,,165
FLT00060,SG-897,SG,SpiceJet,DEL,MAA,2024-01-15T08:32:00,2024-01-15T10:25:00,VT-UG872,AT72,T2,G37,DLY,0,,274
FLT00061,IX-112,IX,Air India Express,GOI,DEL,2024-01-15T09:27:00,2024-01-15T11:28:00,VT-EM627,A330,T1,G27,DEP,0,,240
FLT00062,UK-454,UK,Vistara,CCU,GOI,2024-01-15T22:51:00,2024-01-16T01:19:00,VT-HN744,A321,T3,G07,DEP,0,,326
FLT00063,I5-869,I5,AirAsia India,BLR,GOI,2024-01-15T06:51:00,2024-01-15T07:52:00,VT-VE870,AT72,T1,G33,CNX,65,ATC,118
FLT00064,QP-180,QP,Akasa Air,CCU,MAA,2024-01-15T16:17:00,2024-01-15T17:52:00,VT-CB980,B737,T3,G15,ARR,0,,200
FLT00065,QP-205,QP,Akasa Air,PNQ,COK,2024-01-15T08:00:00,2024-01-15T10:49:00,VT-EJ844,B737,T2,G21,SCH,0,,89
FLT00066,I5-675,I5,AirAsia India,AMD,DEL,2024-01-16T00:01:00,2024-01-16T02:11:00,VT-XD125,B787,T1,G39,ARR,0,,340
FLT00067,UK-833,UK,Vistara,PNQ,CCU,2024-01-15T17:24:00,2024-01-15T20:09:00,VT-DD774,B738,T1,G30,BRD,76,,322
FLT00068,IX-482,IX,Air India Express,PNQ,BOM,2024-01-15T08:19:00,2024-01-15T10:56:00,VT-CF541,B738,T1,G01,BRD,50,TECH,347
FLT00069,6E-223,6E,IndiGo,DEL,MAA,2024-01-15T21:48:00,2024-01-15T23:05:00,VT-LR734,A320,T3,G27,SCH,0,,176
FLT00070,I5-890,I5,AirAsia India,MAA,COK,2024-01-15T11:30:00,2024-01-15T14:01:00,VT-JR777,B738,T1,G27,SCH,86,,143
FLT00071,QP-899,QP,Akasa Air,PNQ,GOI,2024-01-15T09:35:00,2024-01-15T11:38:00,VT-HT716,A320,T3,G04,ARR,60,CREW,340
FLT00072,SG-528,SG,SpiceJet,GOI,BLR,2024-01-15T09:22:00,2024-01-15T10:35:00,VT-XY533,A330,T3,G39,ARR,0,,276
FLT00073,UK-406,UK,Vistara,HYD,PNQ,2024-01-15T16:42:00,2024-01-15T18:19:00,VT-XJ355,A320,T1,G09,DEP,0,,342
FLT00074,IX-615,IX,Air India Express,COK,MAA,2024-01-15T11:51:00,2024-01-15T13:17:00,VT-AP240,AT72,T3,G19,DLY,49,ATC,171
FLT00075,IX-927,IX,Air India Express,BOM,AMD,2024-01-16T00:11:00,2024-01-16T02:12:00,VT-AK574,B787,T3,G27,DLY,0,,296
FLT00076,AI-799,AI,Air India,COK,BOM,2024-01-15T05:51:00,2024-01-15T07:39:00,VT-LY795,AT72,T1,G04,SCH,39,ATC,226
FLT00077,G8-860,G8,Go First,BLR,DEL,2024-01-15T15:04:00,2024-01-15T16:30:00,VT-CX469,B737,T3,G03,BRD,0,,194
FLT00078,I5-113,I5,AirAsia India,MAA,GOI,2024-01-15T14:49:00,2024-01-15T17:17:00,VT-FE375,B737,T1,G25,DEP,58,TECH,107
FLT00079,G8-894,G8,Go First,MAA,COK,2024-01-15T12:41:00,2024-01-15T15:37:00,VT-MN570,A330,T3,G24,CNX,0,,180
FLT00080,UK-538,UK,Vistara,HYD,COK,2024-01-15T11:03:00,2024-01-15T13:30:00,VT-EY760,B737,T1,G12,DLY,0,,100
FLT00081,G8-140,G8,Go First,COK,HYD,2024-01-15T09:26:00,2024-01-15T10:46:00,VT-RM258,B737,T2,G01,BRD,0,,159
FLT00082,SG-633,SG,SpiceJet,CCU,DEL,2024-01-15T15:16:00,2024-01-15T17:18:00,VT-YK840,A320,T3,G23,SCH,0,,174
FLT00083,6E-469,6E,IndiGo,COK,BLR,2024-01-15T19:11:00,2024-01-15T21:20:00,VT-BY643,A321,T2,G06,BRD,33,TECH,249
FLT00084,G8-757,G8,Go First,MAA,GOI,2024-01-15T21:12:00,2024-01-15T23:23:00,VT-CX469,B737,T3,G01,SCH,0,,203
FLT00085,UK-941,UK,Vistara,DEL,AMD,2024-01-15T18:01:00,2024-01-15T20:58:00,VT-NZ402,A330,T2,G17,ARR,0,,344
FLT00086,IX-271,IX,Air India Express,COK,GOI,2024-01-15T20:12:00,2024-01-15T22:14:00,VT-UZ305,B787,T2,G13,BRD,0,,129
FLT00087,AI-864,AI,Air India,BOM,HYD,2024-01-15T12:16:00,2024-01-15T15:06:00,VT-BM818,AT72,T2,G07,SCH,73,CREW,116
FLT00088,SG-364,SG,SpiceJet,DEL,COK,2024-01-15T16:19:00,2024-01-15T17:23:00,VT-CX533,AT72,T1,G04,SCH,0,,196
FLT00089,I5-874,I5,AirAsia India,AMD,COK,2024-01-15T18:48:00,2024-01-15T20:43:00,VT-ZD973,B787,T1,G25,DLY,0,,112
FLT00090,AI-490,AI,Air India,BOM,AMD,2024-01-15T22:09:00,2024-01-15T23:22:00,VT-SW517,B737,T3,G20,ARR,0,,304
FLT00091,I5-405,I5,AirAsia India,DEL,COK,2024-01-15T10:20:00,2024-01-15T12:28:00,VT-LP810,B738,T1,G26,CNX,0,,153
FLT00092,IX-412,IX,Air India Express,DEL,GOI,2024-01-15T23:56:00,2024-01-16T01:14:00,VT-SW970,AT72,T1,G01,ARR,0,,123
FLT00093,UK-298,UK,Vistara,CCU,MAA,2024-01-15T19:05:00,2024-01-15T22:00:00,VT-HV954,AT72,T3,G10,SCH,0,,209
FLT00094,6E-302,6E,IndiGo,BLR,DEL,2024-01-15T23:44:00,2024-01-16T01:43:00,VT-HV954,AT72,T3,G05,BRD,0,,130
FLT00095,QP-425,QP,Akasa Air,CCU,AMD,2024-01-15T09:22:00,2024-01-15T11:47:00,VT-NZ902,B787,T1,G07,BRD,0,,179
FLT00096,QP-104,QP,Akasa Air,PNQ,CCU,2024-01-15T15:26:00,2024-01-15T17:54:00,VT-RM258,B737,T1,G37,ARR,51,CREW,166
FLT00097,IX-598,IX,Air India Express,MAA,HYD,2024-01-15T19:53:00,2024-01-15T21:28:00,VT-MX934,A321,T1,G22,DEP,0,,236
FLT00098,6E-119,6E,IndiGo,BLR,BOM,2024-01-15T14:34:00,2024-01-15T17:23:00,VT-RP163,A321,T3,G13,BRD,0,,118
FLT00099,AI-474,AI,Air India,GOI,AMD,2024-01-15T12:15:00,2024-01-15T15:11:00,VT-DX405,AT72,T3,G17,ARR,0,,156
FLT00100,I5-968,I5,AirAsia India,MAA,CCU,2024-01-15T09:34:00,2024-01-15T11:33:00,VT-VU299,B737,T3,G06,DEP,0,,202
FLT00101,SG-467,SG,SpiceJet,COK,BLR,2024-01-15T20:13:00,2024-01-15T21:33:00,VT-HN808,A321,T3,G37,DLY,0,,327
FLT00102,AI-497,AI,Air India,MAA,COK,2024-01-15T12:54:00,2024-01-15T14:02:00,VT-XP806,B737,T2,G15,SCH,0,,264
FLT00103,QP-485,QP,Akasa Air,PNQ,DEL,2024-01-15T06:21:00,2024-01-15T08:44:00,VT-YD520,B737,T1,G34,DLY,40,TECH,169
FLT00104,I5-911,I5,AirAsia India,CCU,BOM,2024-01-15T22:38:00,2024-01-16T00:10:00,VT-TX276,A320,T1,G34,DEP,50,TECH,329
FLT00105,QP-316,QP,Akasa Air,GOI,DEL,2024-01-15T22:07:00,2024-01-16T00:59:00,VT-RP163,A321,T2,G11,SCH,0,,223
FLT00106,SG-791,SG,SpiceJet,BLR,MAA,2024-01-15T17:21:00,2024-01-15T19:38:00,VT-LR734,A320,T1,G15,DEP,0,,326
FLT00107,QP-237,QP,Akasa Air,PNQ,MAA,2024-01-15T10:30:00,2024-01-15T12:52:00,VT-ZE877,B787,T1,G16,SCH,0,,162
FLT00108,AI-187,AI,Air India,GOI,BLR,2024-01-15T06:54:00,2024-01-15T08:15:00,VT-FC724,AT72,T1,G34,DEP,81,WX,225
FLT00109,UK-370,UK,Vistara,PNQ,COK,2024-01-15T21:26:00,2024-01-15T22:47:00,VT-LP810,B738,T2,G39,SCH,79,ATC,341
FLT00110,SG-800,SG,SpiceJet,CCU,COK,2024-01-15T07:20:00,2024-01-15T08:49:00,VT-WF472,B737,T2,G09,SCH,0,,338
FLT00111,I5-195,I5,AirAsia India,BLR,BOM,2024-01-15T11:03:00,2024-01-15T13:03:00,VT-PB676,AT72,T3,G03,CNX,0,,140
FLT00112,QP-814,QP,Akasa Air,BLR,GOI,2024-01-15T05:02:00,2024-01-15T07:56:00,VT-SN215,A321,T3,G28,ARR,0,,102
FLT00113,I5-884,I5,AirAsia India,MAA,COK,2024-01-15T18:00:00,2024-01-15T19:44:00,VT-YZ993,A320,T3,G37,SCH,0,,324
FLT00114,UK-632,UK,Vistara,BOM,CCU,2024-01-15T23:33:00,2024-01-16T01:25:00,VT-MP249,A321,T1,G01,DLY,0,,140
FLT00115,AI-975,AI,Air India,AMD,MAA,2024-01-15T15:46:00,2024-01-15T17:38:00,VT-FW256,AT72,T1,G10,DEP,0,,213
FLT00116,I5-672,I5,AirAsia India,GOI,CCU,2024-01-15T14:24:00,2024-01-15T16:51:00,VT-HK928,AT72,T1,G27,ARR,0,,269
FLT00117,QP-557,QP,Akasa Air,HYD,CCU,2024-01-16T00:43:00,2024-01-16T02:27:00,VT-SN215,A321,T3,G26,DLY,22,WX,197
FLT00118,SG-923,SG,SpiceJet,BOM,HYD,2024-01-15T22:21:00,2024-01-16T00:12:00,VT-JR777,B738,T3,G40,DLY,0,,82
FLT00119,6E-510,6E,IndiGo,BLR,COK,2024-01-15T19:51:00,2024-01-15T21:02:00,VT-FN102,B738,T2,G15,BRD,0,,276
FLT00120,G8-299,G8,Go First,GOI,DEL,2024-01-15T10:58:00,2024-01-15T13:19:00,VT-TR346,A321,T2,G01,SCH,89,,226
FLT00121,AI-261,AI,Air India,GOI,COK,2024-01-15T22:36:00,2024-01-16T01:05:00,VT-DX952,A321,T3,G11,DLY,0,,80
FLT00122,6E-192,6E,IndiGo,HYD,PNQ,2024-01-15T17:03:00,2024-01-15T19:28:00,VT-YH554,A330,T2,G38,SCH,0,,115
FLT00123,G8-367,G8,Go First,COK,CCU,2024-01-15T16:51:00,2024-01-15T19:35:00,VT-MT613,B737,T1,G39,SCH,63,,82
FLT00124,SG-810,SG,SpiceJet,AMD,GOI,2024-01-15T08:38:00,2024-01-15T10:49:00,VT-VT423,B737,T3,G19,BRD,19,TECH,208
FLT00125,QP-169,QP,Akasa Air,AMD,COK,2024-01-15T13:18:00,2024-01-15T15:54:00,VT-JR777,B738,T2,G30,ARR,0,,212
FLT00126,I5-508,I5,AirAsia India,MAA,HYD,2024-01-15T15:46:00,2024-01-15T17:38:00,VT-ZX527,B737,T3,G35,SCH,0,,127
FLT00127,IX-610,IX,Air India Express,BOM,GOI,2024-01-15T11:05:00,2024-01-15T13:05:00,VT-ZL490,A330,T2,G14,ARR,0,,177
FLT00128,UK-222,UK,Vistara,MAA,HYD,2024-01-15T14:03:00,2024-01-15T15:29:00,VT-KU114,A330,T1,G16,CNX,0,,134
FLT00129,6E-602,6E,IndiGo,PNQ,DEL,2024-01-15T23:28:00,2024-01-16T00:33:00,VT-WX131,B738,T2,G40,BRD,68,,220
FLT00130,SG-614,SG,SpiceJet,COK,HYD,2024-01-15T18:34:00,2024-01-15T20:02:00,VT-RA538,A321,T3,G09,SCH,72,CREW,96
FLT00131,IX-488,IX,Air India Express,AMD,BLR,2024-01-15T20:36:00,2024-01-15T21:51:00,VT-HT278,A330,T3,G30,BRD,0,,187
FLT00132,6E-288,6E,IndiGo,CCU,AMD,2024-01-15T13:51:00,2024-01-15T15:14:00,VT-SE971,A330,T2,G16,BRD,65,TECH,267
FLT00133,QP-685,QP,Akasa Air,AMD,MAA,2024-01-15T19:18:00,2024-01-15T21:47:00,VT-CX469,B737,T2,G24,CNX,0,,172
FLT00134,SG-584,SG,SpiceJet,GOI,MAA,2024-01-15T08:24:00,2024-01-15T10:56:00,VT-WM324,B787,T1,G36,DEP,0,,156
FLT00135,AI-675,AI,Air India,BLR,PNQ,2024-01-15T22:03:00,2024-01-15T23:20:00,VT-AT932,B787,T3,G35,DLY,45,TECH,208
FLT00136,AI-366,AI,Air India,AMD,BOM,2024-01-15T10:34:00,2024-01-15T11:41:00,VT-ST767,B738,T2,G31,CNX,0,,251
FLT00137,IX-690,IX,Air India Express,CCU,GOI,2024-01-16T00:01:00,2024-01-16T03:00:00,VT-MP249,A321,T2,G02,DEP,0,,181
FLT00138,SG-746,SG,SpiceJet,HYD,AMD,2024-01-15T16:05:00,2024-01-15T18:31:00,VT-WK707,B737,T2,G29,SCH,0,,317
FLT00139,SG-333,SG,SpiceJet,BLR,AMD,2024-01-15T19:23:00,2024-01-15T21:43:00,VT-SR200,AT72,T3,G26,CNX,0,,255
FLT00140,IX-561,IX,Air India Express,CCU,HYD,2024-01-15T14:07:00,2024-01-15T16:24:00,VT-HV954,AT72,T2,G18,DEP,0,,346
FLT00141,I5-205,I5,AirAsia India,BLR,MAA,2024-01-15T05:47:00,2024-01-15T07:03:00,VT-BR659,A321,T1,G17,DLY,0,,283
FLT00142,6E-186,6E,IndiGo,BOM,COK,2024-01-15T23:43:00,2024-01-16T00:49:00,VT-UU369,B787,T2,G34,CNX,0,,159
FLT00143,I5-779,I5,AirAsia India,HYD,MAA,2024-01-15T13:26:00,2024-01-15T16:00:00,VT-WH763,A320,T2,G09,SCH,72,WX,97
FLT00144,IX-705,IX,Air India Express,CCU,COK,2024-01-15T20:56:00,2024-01-15T23:47:00,VT-XS588,B787,T2,G36,DEP,22,,170
FLT00145,QP-552,QP,Akasa Air,GOI,AMD,2024-01-15T22:52:00,2024-01-16T01:13:00,VT-VD640,A320,T3,G20,BRD,0,,125
FLT00146,G8-647,G8,Go First,CCU,PNQ,2024-01-15T13:52:00,2024-01-15T15:11:00,VT-JB229,B787,T1,G01,ARR,0,,320
FLT00147,AI-293,AI,Air India,PNQ,COK,2024-01-15T15:13:00,2024-01-15T16:14:00,VT-PW803,B738,T2,G19,ARR,34,,271
FLT00148,I5-532,I5,AirAsia India,COK,AMD,2024-01-15T18:28:00,2024-01-15T19:59:00,VT-BM645,B738,T3,G25,CNX,0,,120
FLT00149,UK-396,UK,Vistara,COK,HYD,2024-01-15T14:43:00,2024-01-15T17:06:00,VT-RS435,A330,T3,G18,DEP,29,ATC,149
FLT00150,6E-290,6E,IndiGo,PNQ,COK,2024-01-15T14:17:00,2024-01-15T16:46:00,VT-US288,A330,T2,G13,BRD,0,,91
FLT00151,6E-322,6E,IndiGo,HYD,CCU,2024-01-15T09:16:00,2024-01-15T11:47:00,VT-CP716,AT72,T3,G01,SCH,0,,332
FLT00152,IX-372,IX,Air India Express,AMD,HYD,2024-01-15T22:00:00,2024-01-15T23:47:00,VT-VM578,AT72,T3,G03,BRD,15,ATC,108
FLT00153,I5-494,I5,AirAsia India,BOM,GOI,2024-01-15T21:02:00,2024-01-15T22:25:00,VT-JS216,AT72,T2,G25,CNX,0,,207
FLT00154,QP-430,QP,Akasa Air,MAA,DEL,2024-01-15T11:47:00,2024-01-15T13:45:00,VT-ZK396,A330,T1,G34,DLY,0,,239
FLT00155,SG-341,SG,SpiceJet,DEL,GOI,2024-01-15T22:46:00,2024-01-16T00:01:00,VT-XY394,A321,T2,G20,SCH,51,ATC,137
FLT00156,I5-695,I5,AirAsia India,CCU,DEL,2024-01-15T10:42:00,2024-01-15T13:23:00,VT-MT613,B737,T3,G08,DEP,0,,101
FLT00157,QP-877,QP,Akasa Air,GOI,BLR,2024-01-15T17:40:00,2024-01-15T20:18:00,VT-XJ265,B787,T1,G11,DEP,0,,253
FLT00158,AI-924,AI,Air India,DEL,AMD,2024-01-15T10:15:00,2024-01-15T12:44:00,VT-BY643,A321,T1,G09,DEP,0,,257
FLT00159,QP-655,QP,Akasa Air,MAA,DEL,2024-01-15T17:53:00,2024-01-15T19:38:00,VT-BJ330,A330,T1,G17,SCH,0,,230
FLT00160,QP-170,QP,Akasa Air,MAA,BLR,2024-01-15T23:33:00,2024-01-16T01:17:00,VT-YD520,B737,T3,G30,BRD,81,,162
FLT00161,SG-119,SG,SpiceJet,PNQ,HYD,2024-01-15T13:59:00,2024-01-15T16:08:00,VT-CS552,B787,T2,G01,CNX,0,,174
FLT00162,IX-884,IX,Air India Express,GOI,MAA,2024-01-15T15:56:00,2024-01-15T18:28:00,VT-FN102,B738,T3,G35,CNX,0,,334
FLT00163,SG-955,SG,SpiceJet,GOI,HYD,2024-01-15T16:00:00,2024-01-15T17:52:00,VT-BC800,B737,T2,G08,SCH,0,,102
FLT00164,SG-773,SG,SpiceJet,BLR,DEL,2024-01-15T11:53:00,2024-01-15T13:06:00,VT-SR308,B737,T1,G07,SCH,0,,278
FLT00165,QP-579,QP,Akasa Air,COK,HYD,2024-01-15T06:40:00,2024-01-15T08:26:00,VT-RC422,B737,T3,G05,SCH,0,,120
FLT00166,AI-851,AI,Air India,CCU,GOI,2024-01-15T19:11:00,2024-01-15T21:56:00,VT-MT175,B737,T3,G04,CNX,0,,100
FLT00167,6E-772,6E,IndiGo,HYD,BOM,2024-01-15T12:22:00,2024-01-15T14:28:00,VT-FP125,A321,T1,G15,ARR,0,,349
FLT00168,UK-819,UK,Vistara,GOI,BLR,2024-01-16T00:03:00,2024-01-16T02:38:00,VT-AJ769,B737,T2,G07,CNX,0,,314
FLT00169,I5-460,I5,AirAsia India,BOM,MAA,2024-01-15T11:09:00,2024-01-15T13:19:00,VT-BX592,AT72,T3,G22,DLY,0,,306
FLT00170,IX-484,IX,Air India Express,COK,CCU,2024-01-15T17:41:00,2024-01-15T19:33:00,VT-TV108,A330,T3,G28,CNX,0,,189
FLT00171,G8-409,G8,Go First,CCU,COK,2024-01-15T20:16:00,2024-01-15T22:06:00,VT-XD125,B787,T3,G03,BRD,0,,149
FLT00172,AI-196,AI,Air India,HYD,MAA,2024-01-15T12:19:00,2024-01-15T15:08:00,VT-ZD973,B787,T1,G18,ARR,0,,159
FLT00173,AI-194,AI,Air India,PNQ,CCU,2024-01-15T10:19:00,2024-01-15T11:36:00,VT-XP806,B737,T2,G38,SCH,0,,233
FLT00174,I5-138,I5,AirAsia India,GOI,MAA,2024-01-15T07:38:00,2024-01-15T10:10:00,VT-DV619,A321,T2,G12,DEP,78,WX,233
FLT00175,I5-749,I5,AirAsia India,BOM,DEL,2024-01-15T16:24:00,2024-01-15T18:08:00,VT-JD918,B737,T2,G08,CNX,0,,85
FLT00176,I5-256,I5,AirAsia India,DEL,CCU,2024-01-15T22:53:00,2024-01-15T23:58:00,VT-ME803,B738,T3,G37,SCH,0,,193
FLT00177,AI-184,AI,Air India,AMD,COK,2024-01-16T00:38:00,2024-01-16T02:42:00,VT-DC807,A321,T1,G28,BRD,0,,252
FLT00178,QP-592,QP,Akasa Air,GOI,DEL,2024-01-15T23:42:00,2024-01-16T01:33:00,VT-KY659,A321,T1,G26,ARR,60,ATC,149
FLT00179,UK-431,UK,Vistara,PNQ,AMD,2024-01-16T00:30:00,2024-01-16T01:55:00,VT-WH324,A321,T3,G34,SCH,0,,300
FLT00180,6E-273,6E,IndiGo,BOM,PNQ,2024-01-15T19:27:00,2024-01-15T21:13:00,VT-TU953,B787,T1,G21,BRD,0,,236
FLT00181,IX-215,IX,Air India Express,GOI,PNQ,2024-01-15T09:58:00,2024-01-15T11:54:00,VT-UZ305,B787,T1,G13,DLY,0,,123
FLT00182,AI-314,AI,Air India,MAA,BLR,2024-01-15T14:49:00,2024-01-15T15:50:00,VT-TY415,A320,T3,G08,BRD,0,,249
FLT00183,UK-485,UK,Vistara,MAA,GOI,2024-01-15T22:51:00,2024-01-16T01:27:00,VT-FC724,AT72,T3,G31,ARR,0,,89
FLT00184,AI-168,AI,Air India,HYD,BLR,2024-01-15T07:03:00,2024-01-15T08:39:00,VT-JY183,A321,T3,G40,BRD,0,,84
FLT00185,I5-423,I5,AirAsia India,HYD,AMD,2024-01-15T08:40:00,2024-01-15T09:42:00,VT-HM201,B787,T3,G25,SCH,0,,130
FLT00186,QP-441,QP,Akasa Air,GOI,COK,2024-01-15T08:00:00,2024-01-15T09:23:00,VT-KV539,B737,T3,G30,ARR,0,,236
FLT00187,QP-382,QP,Akasa Air,AMD,BLR,2024-01-15T05:37:00,2024-01-15T07:21:00,VT-BM818,AT72,T2,G23,DLY,0,,336
FLT00188,AI-847,AI,Air India,HYD,PNQ,2024-01-15T06:00:00,2024-01-15T09:00:00,VT-JN341,B738,T2,G15,SCH,48,ATC,124
FLT00189,I5-311,I5,AirAsia India,COK,MAA,2024-01-15T19:14:00,2024-01-15T20:44:00,VT-YK840,A320,T1,G28,BRD,0,,147
FLT00190,SG-425,SG,SpiceJet,GOI,COK,2024-01-15T11:54:00,2024-01-15T14:44:00,VT-ZE823,A321,T2,G34,SCH,60,ATC,160
FLT00191,6E-410,6E,IndiGo,COK,GOI,2024-01-15T09:02:00,2024-01-15T10:25:00,VT-LR508,B738,T1,G02,CNX,45,CREW,290
FLT00192,QP-710,QP,Akasa Air,HYD,BLR,2024-01-15T11:24:00,2024-01-15T12:37:00,VT-UR262,B787,T1,G02,CNX,0,,198
FLT00193,UK-288,UK,Vistara,MAA,DEL,2024-01-15T17:15:00,2024-01-15T18:25:00,VT-AD364,A321,T2,G09,ARR,0,,271
FLT00194,I5-860,I5,AirAsia India,PNQ,COK,2024-01-15T09:41:00,2024-01-15T11:01:00,VT-JS216,AT72,T1,G03,DEP,6,CREW,193
FLT00195,UK-514,UK,Vistara,MAA,BOM,2024-01-15T11:02:00,2024-01-15T14:00:00,VT-CP716,AT72,T3,G32,DLY,46,ATC,298
FLT00196,AI-633,AI,Air India,GOI,AMD,2024-01-15T15:40:00,2024-01-15T17:30:00,VT-SR200,AT72,T3,G37,ARR,0,,99
FLT00197,6E-883,6E,IndiGo,PNQ,COK,2024-01-15T06:26:00,2024-01-15T09:18:00,VT-VL990,A320,T3,G35,DEP,0,,344
FLT00198,AI-806,AI,Air India,MAA,CCU,2024-01-15T20:00:00,2024-01-15T21:50:00,VT-JB229,B787,T2,G30,SCH,0,,107
FLT00199,SG-502,SG,SpiceJet,PNQ,COK,2024-01-15T08:05:00,2024-01-15T10:37:00,VT-VU299,B737,T1,G12,CNX,79,,149
FLT00200,I5-835,I5,AirAsia India,CCU,COK,2024-01-15T05:51:00,2024-01-15T07:13:00,VT-UD368,AT72,T3,G13,DEP,0,,163
FLT00201,6E-726,6E,IndiGo,BOM,BLR,2024-01-15T20:20:00,2024-01-15T22:41:00,VT-FW256,AT72,T1,G34,DLY,0,,341
FLT00202,SG-283,SG,SpiceJet,AMD,GOI,2024-01-15T17:59:00,2024-01-15T19:04:00,VT-VN459,B738,T1,G22,ARR,89,ATC,154
FLT00203,AI-307,AI,Air India,AMD,HYD,2024-01-15T15:33:00,2024-01-15T18:06:00,VT-VN459,B738,T2,G19,DLY,0,,147
FLT00204,AI-343,AI,Air India,GOI,HYD,2024-01-15T05:25:00,2024-01-15T07:23:00,VT-WX788,B738,T2,G35,CNX,0,,332
FLT00205,UK-734,UK,Vistara,GOI,PNQ,2024-01-15T20:29:00,2024-01-15T22:21:00,VT-ZR459,B738,T1,G39,ARR,0,,222
FLT00206,UK-439,UK,Vistara,DEL,MAA,2024-01-15T10:03:00,2024-01-15T11:10:00,VT-CW402,AT72,T2,G03,SCH,0,,232
FLT00207,6E-566,6E,IndiGo,DEL,BLR,2024-01-15T19:13:00,2024-01-15T20:35:00,VT-ZG177,A330,T3,G19,ARR,0,,170
FLT00208,IX-582,IX,Air India Express,DEL,BLR,2024-01-15T15:12:00,2024-01-15T16:53:00,VT-MT175,B737,T2,G05,CNX,59,WX,229
FLT00209,SG-685,SG,SpiceJet,BOM,CCU,2024-01-15T16:14:00,2024-01-15T18:21:00,VT-AJ320,AT72,T3,G14,DLY,0,,135
FLT00210,6E-729,6E,IndiGo,PNQ,HYD,2024-01-15T19:34:00,2024-01-15T21:51:00,VT-LR508,B738,T2,G34,ARR,0,,146
FLT00211,QP-124,QP,Akasa Air,COK,PNQ,2024-01-15T21:48:00,2024-01-16T00:31:00,VT-UT452,B738,T3,G15,DLY,42,WX,140
FLT00212,QP-806,QP,Akasa Air,BOM,HYD,2024-01-15T19:09:00,2024-01-15T21:01:00,VT-TR223,A321,T2,G23,ARR,0,,183
FLT00213,G8-449,G8,Go First,HYD,BOM,2024-01-15T15:30:00,2024-01-15T17:08:00,VT-TB146,A320,T3,G21,CNX,0,,250
FLT00214,I5-259,I5,AirAsia India,GOI,DEL,2024-01-15T10:59:00,2024-01-15T12:23:00,VT-FJ819,AT72,T2,G31,DEP,0,,326
FLT00215,QP-668,QP,Akasa Air,COK,CCU,2024-01-15T20:47:00,2024-01-15T23:27:00,VT-AJ320,AT72,T3,G04,CNX,0,,241
FLT00216,AI-684,AI,Air India,MAA,AMD,2024-01-15T17:04:00,2024-01-15T18:12:00,VT-RF151,B737,T2,G02,BRD,0,,164
FLT00217,I5-480,I5,AirAsia India,BLR,BOM,2024-01-15T15:31:00,2024-01-15T18:01:00,VT-ZD973,B787,T3,G03,BRD,0,,201
FLT00218,QP-618,QP,Akasa Air,HYD,MAA,2024-01-15T22:55:00,2024-01-16T00:33:00,VT-AT295,A320,T1,G24,CNX,9,WX,307
FLT00219,AI-941,AI,Air India,PNQ,GOI,2024-01-15T10:15:00,2024-01-15T11:39:00,VT-GT216,B737,T2,G34,BRD,0,,130
FLT00220,SG-441,SG,SpiceJet,MAA,DEL,2024-01-15T20:40:00,2024-01-15T22:29:00,VT-NP710,A321,T3,G08,SCH,44,,124
FLT00221,QP-305,QP,Akasa Air,DEL,BLR,2024-01-15T22:46:00,2024-01-16T01:24:00,VT-CF541,B738,T3,G20,SCH,78,ATC,244
FLT00222,UK-115,UK,Vistara,HYD,CCU,2024-01-15T23:10:00,2024-01-16T00:50:00,VT-TW621,A321,T2,G08,BRD,0,,138
FLT00223,6E-172,6E,IndiGo,MAA,GOI,2024-01-15T16:57:00,2024-01-15T19:07:00,VT-ME803,B738,T2,G10,DLY,0,,167
FLT00224,G8-188,G8,Go First,GOI,CCU,2024-01-15T23:27:00,2024-01-16T01:23:00,VT-CB980,B737,T1,G02,DEP,0,,107
FLT00225,I5-873,I5,AirAsia India,AMD,BLR,2024-01-15T20:13:00,2024-01-15T22:31:00,VT-PV510,A330,T2,G22,CNX,0,,120
FLT00226,QP-581,QP,Akasa Air,GOI,BLR,2024-01-15T08:10:00,2024-01-15T10:54:00,VT-HT278,A330,T2,G07,DEP,0,,318
FLT00227,UK-564,UK,Vistara,MAA,BLR,2024-01-15T13:48:00,2024-01-15T16:44:00,VT-VV559,B787,T2,G12,DLY,0,,246
FLT00228,QP-718,QP,Akasa Air,DEL,BLR,2024-01-15T21:13:00,2024-01-15T22:27:00,VT-AR179,AT72,T2,G30,CNX,0,,258
FLT00229,SG-645,SG,SpiceJet,COK,BOM,2024-01-15T18:50:00,2024-01-15T21:34:00,VT-NP710,A321,T1,G21,ARR,0,,234
FLT00230,QP-933,QP,Akasa Air,AMD,PNQ,2024-01-15T13:08:00,2024-01-15T15:27:00,VT-NY911,AT72,T3,G11,DEP,0,,186
FLT00231,I5-433,I5,AirAsia India,AMD,CCU,2024-01-15T23:35:00,2024-01-16T02:03:00,VT-CJ891,AT72,T1,G05,DLY,78,WX,317
FLT00232,6E-606,6E,IndiGo,PNQ,BLR,2024-01-15T15:30:00,2024-01-15T17:21:00,VT-TF158,A330,T3,G07,DLY,81,CREW,247
FLT00233,AI-644,AI,Air India,BOM,HYD,2024-01-15T09:44:00,2024-01-15T12:37:00,VT-XM221,A321,T3,G01,CNX,0,,311
FLT00234,G8-191,G8,Go First,AMD,COK,2024-01-15T11:40:00,2024-01-15T13:06:00,VT-EX410,A321,T2,G20,ARR,43,CREW,256
FLT00235,AI-212,AI,Air India,GOI,COK,2024-01-15T18:47:00,2024-01-15T21:35:00,VT-PH280,AT72,T2,G04,BRD,75,WX,263
FLT00236,G8-658,G8,Go First,DEL,HYD,2024-01-15T19:44:00,2024-01-15T22:13:00,VT-UG872,AT72,T2,G21,DLY,0,,302
FLT00237,UK-237,UK,Vistara,BLR,COK,2024-01-15T09:44:00,2024-01-15T11:08:00,VT-JN341,B738,T2,G24,CNX,0,,144
FLT00238,AI-980,AI,Air India,BOM,DEL,2024-01-15T09:54:00,2024-01-15T12:26:00,VT-EM627,A330,T3,G28,SCH,0,,292
FLT00239,QP-290,QP,Akasa Air,GOI,AMD,2024-01-15T11:08:00,2024-01-15T13:06:00,VT-EW627,A321,T2,G36,CNX,0,,195
FLT00240,I5-134,I5,AirAsia India,GOI,DEL,2024-01-16T00:43:00,2024-01-16T02:46:00,VT-VZ459,AT72,T1,G33,BRD,57,,267
FLT00241,AI-629,AI,Air India,GOI,PNQ,2024-01-15T17:34:00,2024-01-15T18:48:00,VT-XM221,A321,T2,G06,SCH,72,TECH,318
FLT00242,6E-727,6E,IndiGo,COK,BOM,2024-01-15T13:22:00,2024-01-15T15:22:00,VT-AT932,B787,T3,G05,DLY,0,,239
FLT00243,AI-396,AI,Air India,CCU,GOI,2024-01-15T05:22:00,2024-01-15T07:22:00,VT-UD368,AT72,T3,G31,ARR,0,,230
FLT00244,SG-928,SG,SpiceJet,DEL,CCU,2024-01-16T00:14:00,2024-01-16T01:47:00,VT-CH270,B738,T3,G31,ARR,0,,229
FLT00245,AI-978,AI,Air India,HYD,COK,2024-01-15T07:48:00,2024-01-15T09:04:00,VT-LU474,AT72,T1,G18,BRD,0,,220
FLT00246,G8-367,G8,Go First,DEL,BLR,2024-01-15T10:57:00,2024-01-15T13:53:00,VT-UG872,AT72,T3,G10,DLY,0,,169
FLT00247,UK-870,UK,Vistara,PNQ,BLR,2024-01-15T23:00:00,2024-01-16T01:50:00,VT-YD798,A330,T2,G06,SCH,81,ATC,333
FLT00248,I5-873,I5,AirAsia India,AMD,MAA,2024-01-15T20:01:00,2024-01-15T22:33:00,VT-SB752,A320,T1,G14,ARR,0,,215
FLT00249,6E-585,6E,IndiGo,DEL,MAA,2024-01-15T20:50:00,2024-01-15T22:41:00,VT-UC614,B787,T2,G31,DLY,0,,279
FLT00250,G8-644,G8,Go First,BLR,GOI,2024-01-15T19:50:00,2024-01-15T20:51:00,VT-EN564,B737,T2,G25,DLY,45,WX,129
FLT00251,IX-851,IX,Air India Express,AMD,HYD,2024-01-15T16:26:00,2024-01-15T18:00:00,VT-DH490,A330,T1,G17,DLY,0,,203
FLT00252,UK-637,UK,Vistara,COK,CCU,2024-01-15T11:08:00,2024-01-15T12:48:00,VT-SE971,A330,T1,G01,CNX,0,,130
FLT00253,6E-708,6E,IndiGo,PNQ,CCU,2024-01-15T12:29:00,2024-01-15T15:01:00,VT-WH763,A320,T2,G13,SCH,0,,109
FLT00254,UK-213,UK,Vistara,GOI,BOM,2024-01-15T09:05:00,2024-01-15T10:16:00,VT-GB374,B738,T1,G25,DLY,0,,174
FLT00255,SG-363,SG,SpiceJet,HYD,CCU,2024-01-15T20:56:00,2024-01-15T23:20:00,VT-EY760,B737,T3,G30,BRD,0,,245
FLT00256,SG-603,SG,SpiceJet,BOM,CCU,2024-01-15T07:07:00,2024-01-15T08:55:00,VT-XY533,A330,T2,G04,BRD,0,,115
FLT00257,UK-552,UK,Vistara,GOI,AMD,2024-01-15T11:05:00,2024-01-15T13:27:00,VT-PH986,A321,T1,G10,ARR,0,,134
FLT00258,G8-252,G8,Go First,BOM,DEL,2024-01-15T07:29:00,2024-01-15T08:38:00,VT-RE625,B738,T3,G17,CNX,0,,334
FLT00259,AI-589,AI,Air India,DEL,PNQ,2024-01-15T14:05:00,2024-01-15T15:24:00,VT-HN744,A321,T2,G26,ARR,0,,331
FLT00260,I5-441,I5,AirAsia India,AMD,BOM,2024-01-15T23:26:00,2024-01-16T00:54:00,VT-YU189,A330,T2,G31,SCH,0,,263
FLT00261,G8-280,G8,Go First,AMD,DEL,2024-01-15T08:05:00,2024-01-15T09:51:00,VT-UZ378,A321,T2,G06,CNX,63,TECH,183
FLT00262,AI-243,AI,Air India,AMD,MAA,2024-01-15T15:12:00,2024-01-15T17:41:00,VT-GL884,B738,T1,G23,DEP,15,CREW,177
FLT00263,AI-116,AI,Air India,MAA,DEL,2024-01-15T13:08:00,2024-01-15T15:10:00,VT-GL884,B738,T1,G35,DLY,0,,310
FLT00264,AI-794,AI,Air India,CCU,DEL,2024-01-15T16:31:00,2024-01-15T19:11:00,VT-ZR600,A321,T1,G26,SCH,32,,314
FLT00265,SG-348,SG,SpiceJet,GOI,MAA,2024-01-15T07:27:00,2024-01-15T08:31:00,VT-ZK396,A330,T1,G32,DLY,0,,103
FLT00266,SG-216,SG,SpiceJet,DEL,MAA,2024-01-15T06:42:00,2024-01-15T09:37:00,VT-BY633,B737,T1,G30,ARR,26,WX,134
FLT00267,QP-429,QP,Akasa Air,GOI,MAA,2024-01-15T07:09:00,2024-01-15T09:51:00,VT-AP561,B787,T2,G22,CNX,0,,150
FLT00268,UK-666,UK,Vistara,DEL,MAA,2024-01-15T16:27:00,2024-01-15T17:35:00,VT-SF774,A320,T2,G10,CNX,0,,269
FLT00269,SG-182,SG,SpiceJet,PNQ,MAA,2024-01-16T00:51:00,2024-01-16T01:56:00,VT-TS741,A321,T1,G40,DEP,0,,329
FLT00270,AI-246,AI,Air India,DEL,MAA,2024-01-15T08:02:00,2024-01-15T10:32:00,VT-SH464,A330,T3,G19,DEP,0,,185
FLT00271,G8-742,G8,Go First,COK,PNQ,2024-01-15T19:03:00,2024-01-15T20:33:00,VT-AT295,A320,T3,G03,ARR,0,,125
FLT00272,G8-324,G8,Go First,CCU,PNQ,2024-01-15T05:09:00,2024-01-15T07:20:00,VT-CJ891,AT72,T1,G08,ARR,0,,339
FLT00273,QP-155,QP,Akasa Air,MAA,CCU,2024-01-15T06:48:00,2024-01-15T08:12:00,VT-LY968,A320,T1,G31,DEP,0,,102
FLT00274,IX-261,IX,Air India Express,HYD,MAA,2024-01-15T19:50:00,2024-01-15T21:22:00,VT-TG485,B738,T3,G30,SCH,0,,170
FLT00275,AI-865,AI,Air India,PNQ,GOI,2024-01-15T08:57:00,2024-01-15T10:06:00,VT-CJ891,AT72,T3,G29,ARR,0,,181
FLT00276,IX-175,IX,Air India Express,MAA,BOM,2024-01-15T16:07:00,2024-01-15T17:36:00,VT-FZ210,B738,T1,G27,CNX,0,,192
FLT00277,QP-239,QP,Akasa Air,GOI,PNQ,2024-01-15T06:51:00,2024-01-15T09:44:00,VT-FS808,B738,T1,G14,ARR,0,,271
FLT00278,QP-213,QP,Akasa Air,MAA,AMD,2024-01-15T14:12:00,2024-01-15T15:37:00,VT-TG485,B738,T1,G03,DLY,0,,149
FLT00279,QP-691,QP,Akasa Air,PNQ,AMD,2024-01-15T10:50:00,2024-01-15T13:27:00,VT-TY415,A320,T1,G19,ARR,25,,167
FLT00280,UK-853,UK,Vistara,BOM,PNQ,2024-01-15T22:48:00,2024-01-16T00:50:00,VT-ST767,B738,T3,G31,CNX,0,,299
FLT00281,UK-141,UK,Vistara,MAA,AMD,2024-01-15T19:49:00,2024-01-15T22:03:00,VT-RC422,B737,T3,G10,ARR,0,,102
FLT00282,QP-809,QP,Akasa Air,COK,DEL,2024-01-15T19:31:00,2024-01-15T21:38:00,VT-NE266,A321,T2,G07,DEP,0,,86
FLT00283,I5-820,I5,AirAsia India,MAA,BLR,2024-01-15T17:14:00,2024-01-15T18:51:00,VT-ML665,AT72,T3,G06,SCH,0,,162
FLT00284,QP-981,QP,Akasa Air,GOI,DEL,2024-01-15T20:31:00,2024-01-15T22:30:00,VT-TW621,A321,T1,G26,SCH,0,,80
FLT00285,6E-906,6E,IndiGo,AMD,CCU,2024-01-15T23:07:00,2024-01-16T00:11:00,VT-AB905,B737,T2,G18,DLY,0,,186
FLT00286,6E-474,6E,IndiGo,GOI,CCU,2024-01-15T06:52:00,2024-01-15T08:57:00,VT-FN426,B737,T2,G04,SCH,0,,100
FLT00287,IX-855,IX,Air India Express,BLR,GOI,2024-01-15T07:17:00,2024-01-15T09:28:00,VT-RW276,AT72,T1,G09,BRD,0,,324
FLT00288,UK-563,UK,Vistara,MAA,AMD,2024-01-15T17:02:00,2024-01-15T19:56:00,VT-DH490,A330,T3,G28,BRD,0,,256
FLT00289,QP-292,QP,Akasa Air,COK,GOI,2024-01-15T09:11:00,2024-01-15T11:11:00,VT-RW276,AT72,T3,G35,BRD,0,,113
FLT00290,QP-608,QP,Akasa Air,BOM,BLR,2024-01-15T18:20:00,2024-01-15T21:14:00,VT-HN808,A321,T2,G05,SCH,0,,155
FLT00291,SG-855,SG,SpiceJet,MAA,GOI,2024-01-15T05:46:00,2024-01-15T07:23:00,VT-RC213,AT72,T3,G35,SCH,0,,307
FLT00292,AI-597,AI,Air India,HYD,MAA,2024-01-15T07:08:00,2024-01-15T08:10:00,VT-DX952,A321,T3,G22,DEP,0,,247
FLT00293,QP-888,QP,Akasa Air,PNQ,HYD,2024-01-16T00:21:00,2024-01-16T01:37:00,VT-RM625,A330,T1,G17,SCH,0,,227
FLT00294,AI-959,AI,Air India,BLR,AMD,2024-01-15T14:42:00,2024-01-15T16:40:00,VT-FT766,B737,T3,G11,DLY,0,,169
FLT00295,SG-675,SG,SpiceJet,BLR,HYD,2024-01-15T08:59:00,2024-01-15T10:04:00,VT-LR508,B738,T3,G09,DEP,0,,185
FLT00296,AI-514,AI,Air India,CCU,AMD,2024-01-15T10:02:00,2024-01-15T11:49:00,VT-XM470,B738,T3,G11,ARR,0,,92
FLT00297,QP-585,QP,Akasa Air,BLR,COK,2024-01-15T15:55:00,2024-01-15T17:14:00,VT-HT716,A320,T3,G35,ARR,0,,231
FLT00298,G8-415,G8,Go First,GOI,BLR,2024-01-16T00:17:00,2024-01-16T02:50:00,VT-ZR459,B738,T2,G08,DLY,66,ATC,139
FLT00299,AI-327,AI,Air India,AMD,MAA,2024-01-15T20:13:00,2024-01-15T21:58:00,VT-PE142,B737,T2,G04,ARR,0,,349
FLT00300,G8-717,G8,Go First,MAA,DEL,2024-01-15T07:51:00,2024-01-15T09:59:00,VT-EW794,AT72,T3,G06,ARR,0,,242
FLT00301,AI-415,AI,Air India,CCU,PNQ,2024-01-15T10:02:00,2024-01-15T12:33:00,VT-VL236,A320,T2,G25,BRD,0,,259
FLT00302,QP-846,QP,Akasa Air,COK,BOM,2024-01-15T12:21:00,2024-01-15T14:54:00,VT-XB176,B787,T3,G27,CNX,0,,297
FLT00303,I5-190,I5,AirAsia India,BLR,BOM,2024-01-15T09:54:00,2024-01-15T11:20:00,VT-JB229,B787,T2,G34,BRD,13,,272
FLT00304,AI-396,AI,Air India,AMD,HYD,2024-01-15T19:08:00,2024-01-15T20:30:00,VT-JN341,B738,T2,G37,CNX,0,,275
FLT00305,QP-407,QP,Akasa Air,DEL,CCU,2024-01-16T00:58:00,2024-01-16T02:36:00,VT-ST578,B738,T3,G30,SCH,8,ATC,214
FLT00306,QP-713,QP,Akasa Air,BOM,CCU,2024-01-15T19:14:00,2024-01-15T20:36:00,VT-PH986,A321,T3,G16,SCH,20,CREW,114
FLT00307,IX-965,IX,Air India Express,GOI,PNQ,2024-01-16T00:18:00,2024-01-16T02:13:00,VT-FC724,AT72,T3,G31,DLY,0,,88
FLT00308,G8-529,G8,Go First,BLR,DEL,2024-01-15T09:59:00,2024-01-15T11:39:00,VT-DG911,A321,T3,G09,BRD,0,,264
FLT00309,IX-713,IX,Air India Express,DEL,CCU,2024-01-15T14:57:00,2024-01-15T17:04:00,VT-VD640,A320,T1,G33,SCH,0,,128
FLT00310,SG-943,SG,SpiceJet,COK,CCU,2024-01-15T15:47:00,2024-01-15T18:32:00,VT-BM818,AT72,T2,G18,DLY,0,,260
FLT00311,SG-615,SG,SpiceJet,DEL,MAA,2024-01-15T22:41:00,2024-01-16T00:17:00,VT-RV667,AT72,T2,G27,BRD,0,,159
FLT00312,UK-219,UK,Vistara,MAA,GOI,2024-01-15T22:56:00,2024-01-16T01:44:00,VT-MR771,B737,T3,G36,DLY,0,,119
FLT00313,SG-881,SG,SpiceJet,DEL,COK,2024-01-15T16:53:00,2024-01-15T18:32:00,VT-YV807,A330,T2,G09,CNX,61,,347
FLT00314,IX-228,IX,Air India Express,BLR,CCU,2024-01-15T05:58:00,2024-01-15T08:33:00,VT-VW770,B737,T1,G09,CNX,0,,237
FLT00315,UK-210,UK,Vistara,BLR,BOM,2024-01-15T19:30:00,2024-01-15T21:58:00,VT-EN892,AT72,T1,G05,SCH,66,WX,180
FLT00316,AI-901,AI,Air India,COK,DEL,2024-01-15T21:00:00,2024-01-15T22:15:00,VT-XY394,A321,T1,G05,BRD,0,,129
FLT00317,6E-460,6E,IndiGo,GOI,MAA,2024-01-15T11:49:00,2024-01-15T13:12:00,VT-AN440,AT72,T2,G02,SCH,23,TECH,258
FLT00318,SG-388,SG,SpiceJet,COK,MAA,2024-01-15T22:14:00,2024-01-16T00:26:00,VT-UB865,B737,T1,G38,CNX,0,,178
FLT00319,SG-285,SG,SpiceJet,COK,DEL,2024-01-15T08:22:00,2024-01-15T11:20:00,VT-CH790,AT72,T3,G31,BRD,0,,134
FLT00320,IX-632,IX,Air India Express,AMD,PNQ,2024-01-15T12:18:00,2024-01-15T14:23:00,VT-KR815,B738,T2,G08,CNX,0,,136
FLT00321,SG-567,SG,SpiceJet,PNQ,CCU,2024-01-15T14:50:00,2024-01-15T17:01:00,VT-ZR600,A321,T1,G06,BRD,0,,225
FLT00322,G8-283,G8,Go First,PNQ,MAA,2024-01-15T23:54:00,2024-01-16T01:46:00,VT-SW517,B737,T2,G13,CNX,13,CREW,268
FLT00323,AI-859,AI,Air India,PNQ,BOM,2024-01-15T18:31:00,2024-01-15T20:27:00,VT-UL778,B738,T3,G06,SCH,0,,132
FLT00324,SG-883,SG,SpiceJet,BOM,AMD,2024-01-15T11:47:00,2024-01-15T13:30:00,VT-JY183,A321,T3,G26,SCH,34,CREW,222
FLT00325,G8-210,G8,Go First,AMD,CCU,2024-01-15T21:14:00,2024-01-15T23:39:00,VT-HJ308,B737,T2,G32,ARR,0,,312
FLT00326,6E-283,6E,IndiGo,HYD,COK,2024-01-15T21:58:00,2024-01-15T23:27:00,VT-UU521,A320,T1,G02,SCH,11,CREW,93
FLT00327,I5-885,I5,AirAsia India,GOI,CCU,2024-01-15T10:12:00,2024-01-15T11:50:00,VT-US288,A330,T3,G07,CNX,0,,346
FLT00328,QP-882,QP,Akasa Air,PNQ,MAA,2024-01-15T15:01:00,2024-01-15T17:25:00,VT-WX788,B738,T2,G33,BRD,0,,89
FLT00329,AI-823,AI,Air India,AMD,BOM,2024-01-15T18:05:00,2024-01-15T20:02:00,VT-ZD973,B787,T2,G29,DEP,0,,235
FLT00330,SG-775,SG,SpiceJet,PNQ,AMD,2024-01-15T09:35:00,2024-01-15T11:14:00,VT-ZX277,A330,T2,G32,CNX,0,,331
FLT00331,QP-884,QP,Akasa Air,PNQ,GOI,2024-01-15T10:20:00,2024-01-15T12:24:00,VT-YX761,A320,T2,G17,DEP,80,,260
FLT00332,G8-489,G8,Go First,CCU,DEL,2024-01-15T05:57:00,2024-01-15T08:12:00,VT-TR223,A321,T1,G24,BRD,0,,254
FLT00333,6E-804,6E,IndiGo,AMD,CCU,2024-01-15T17:11:00,2024-01-15T19:03:00,VT-AR179,AT72,T1,G16,SCH,0,,123
FLT00334,6E-681,6E,IndiGo,HYD,BOM,2024-01-15T16:31:00,2024-01-15T17:52:00,VT-NJ755,B787,T3,G21,SCH,0,,296
FLT00335,I5-927,I5,AirAsia India,HYD,DEL,2024-01-15T21:01:00,2024-01-15T23:16:00,VT-BL510,B737,T2,G25,ARR,0,,130
FLT00336,QP-306,QP,Akasa Air,BOM,HYD,2024-01-15T16:28:00,2024-01-15T18:31:00,VT-UJ945,A330,T3,G22,SCH,0,,303
FLT00337,QP-834,QP,Akasa Air,BOM,GOI,2024-01-15T12:18:00,2024-01-15T13:54:00,VT-XP806,B737,T1,G20,ARR,56,,127
FLT00338,6E-767,6E,IndiGo,GOI,CCU,2024-01-15T14:19:00,2024-01-15T15:27:00,VT-TG686,A330,T3,G31,DEP,0,,119
FLT00339,G8-564,G8,Go First,COK,HYD,2024-01-15T19:46:00,2024-01-15T22:10:00,VT-XS588,B787,T2,G13,DEP,0,,343
FLT00340,SG-679,SG,SpiceJet,DEL,GOI,2024-01-15T11:22:00,2024-01-15T13:35:00,VT-EJ844,B737,T1,G30,BRD,0,,302
FLT00341,AI-980,AI,Air India,COK,MAA,2024-01-15T17:26:00,2024-01-15T19:25:00,VT-UA503,A330,T1,G10,DLY,43,CREW,243
FLT00342,6E-216,6E,IndiGo,MAA,PNQ,2024-01-15T14:06:00,2024-01-15T16:51:00,VT-EB138,B737,T3,G11,BRD,0,,202
FLT00343,SG-306,SG,SpiceJet,MAA,DEL,2024-01-15T13:22:00,2024-01-15T16:04:00,VT-NP802,A320,T2,G32,ARR,0,,98
FLT00344,SG-156,SG,SpiceJet,HYD,BLR,2024-01-15T05:59:00,2024-01-15T07:32:00,VT-DR177,A321,T3,G36,SCH,87,CREW,90
FLT00345,6E-223,6E,IndiGo,CCU,HYD,2024-01-15T07:10:00,2024-01-15T10:05:00,VT-TM341,B738,T2,G06,DEP,0,,336
FLT00346,G8-533,G8,Go First,PNQ,BOM,2024-01-15T13:07:00,2024-01-15T15:23:00,VT-HY417,A321,T2,G22,CNX,0,,200
FLT00347,UK-816,UK,Vistara,BLR,BOM,2024-01-15T10:58:00,2024-01-15T12:25:00,VT-CK434,B787,T2,G27,BRD,0,,271
FLT00348,6E-941,6E,IndiGo,CCU,GOI,2024-01-15T19:27:00,2024-01-15T21:27:00,VT-CR712,B738,T1,G18,CNX,0,,268
FLT00349,G8-931,G8,Go First,DEL,BOM,2024-01-15T06:51:00,2024-01-15T09:19:00,VT-AN440,AT72,T1,G17,ARR,0,,265
FLT00350,6E-315,6E,IndiGo,COK,MAA,2024-01-15T20:06:00,2024-01-15T21:55:00,VT-EG881,B737,T2,G17,BRD,16,ATC,232
FLT00351,SG-961,SG,SpiceJet,PNQ,CCU,2024-01-15T18:52:00,2024-01-15T21:33:00,VT-KP261,B738,T2,G06,CNX,0,,291
FLT00352,IX-564,IX,Air India Express,AMD,BOM,2024-01-15T10:28:00,2024-01-15T12:57:00,VT-VE337,B738,T3,G05,BRD,0,,247
FLT00353,AI-689,AI,Air India,DEL,MAA,2024-01-15T20:08:00,2024-01-15T22:49:00,VT-BC800,B737,T1,G01,DEP,0,,240
FLT00354,6E-562,6E,IndiGo,BOM,MAA,2024-01-15T13:31:00,2024-01-15T15:37:00,VT-NP710,A321,T3,G09,CNX,0,,243
FLT00355,QP-502,QP,Akasa Air,BLR,CCU,2024-01-15T10:55:00,2024-01-15T13:22:00,VT-VL691,A330,T2,G19,SCH,0,,173
FLT00356,I5-368,I5,AirAsia India,GOI,MAA,2024-01-15T05:42:00,2024-01-15T06:44:00,VT-AJ769,B737,T3,G40,DLY,34,CREW,181
FLT00357,SG-835,SG,SpiceJet,DEL,PNQ,2024-01-15T19:38:00,2024-01-15T21:54:00,VT-VE337,B738,T1,G06,BRD,26,WX,87
FLT00358,I5-491,I5,AirAsia India,PNQ,COK,2024-01-15T09:02:00,2024-01-15T10:30:00,VT-NP710,A321,T1,G13,CNX,0,,333
FLT00359,SG-129,SG,SpiceJet,AMD,MAA,2024-01-15T12:21:00,2024-01-15T15:06:00,VT-NX480,A320,T3,G13,DEP,0,,154
FLT00360,G8-580,G8,Go First,HYD,MAA,2024-01-15T20:23:00,2024-01-15T23:19:00,VT-WZ507,B787,T2,G38,DLY,0,,85
FLT00361,SG-670,SG,SpiceJet,CCU,PNQ,2024-01-15T12:14:00,2024-01-15T14:45:00,VT-MK771,B787,T3,G28,DLY,0,,128
FLT00362,AI-734,AI,Air India,DEL,AMD,2024-01-15T13:00:00,2024-01-15T15:00:00,VT-WR951,B787,T3,G39,DLY,0,,338
FLT00363,I5-447,I5,AirAsia India,HYD,PNQ,2024-01-15T17:39:00,2024-01-15T18:55:00,VT-KF515,B787,T1,G38,SCH,0,,332
FLT00364,QP-611,QP,Akasa Air,BLR,BOM,2024-01-15T15:49:00,2024-01-15T18:19:00,VT-NN938,B737,T2,G10,BRD,0,,145
FLT00365,G8-423,G8,Go First,CCU,PNQ,2024-01-15T14:39:00,2024-01-15T17:34:00,VT-KY659,A321,T3,G17,ARR,0,,164
FLT00366,QP-267,QP,Akasa Air,BLR,GOI,2024-01-15T20:01:00,2024-01-15T21:07:00,VT-JB155,A330,T1,G04,SCH,0,,213
FLT00367,QP-226,QP,Akasa Air,AMD,BOM,2024-01-15T21:53:00,2024-01-15T22:58:00,VT-ZR459,B738,T2,G36,DEP,0,,155
FLT00368,IX-697,IX,Air India Express,BOM,HYD,2024-01-15T14:41:00,2024-01-15T16:04:00,VT-LH950,A320,T3,G33,CNX,0,,188
FLT00369,AI-797,AI,Air India,COK,BLR,2024-01-15T19:12:00,2024-01-15T22:09:00,VT-WV202,A320,T1,G32,DLY,17,WX,225
FLT00370,6E-743,6E,IndiGo,AMD,CCU,2024-01-15T08:37:00,2024-01-15T11:24:00,VT-YD520,B737,T1,G02,SCH,63,CREW,312
FLT00371,G8-920,G8,Go First,GOI,DEL,2024-01-15T16:14:00,2024-01-15T17:19:00,VT-NZ902,B787,T3,G29,BRD,0,,104
FLT00372,G8-191,G8,Go First,CCU,DEL,2024-01-15T07:24:00,2024-01-15T09:34:00,VT-HJ308,B737,T2,G06,DEP,0,,284
FLT00373,AI-853,AI,Air India,MAA,BLR,2024-01-15T18:15:00,2024-01-15T20:54:00,VT-KC881,A321,T2,G10,SCH,0,,301
FLT00374,G8-587,G8,Go First,GOI,BLR,2024-01-15T17:15:00,2024-01-15T19:40:00,VT-FP125,A321,T2,G33,SCH,0,,278
FLT00375,G8-141,G8,Go First,GOI,AMD,2024-01-15T08:04:00,2024-01-15T10:40:00,VT-UT905,A330,T2,G40,SCH,0,,127
FLT00376,IX-920,IX,Air India Express,PNQ,MAA,2024-01-15T10:17:00,2024-01-15T13:16:00,VT-TR346,A321,T3,G34,SCH,0,,120
FLT00377,QP-146,QP,Akasa Air,HYD,BLR,2024-01-15T09:21:00,2024-01-15T11:48:00,VT-EE653,B737,T1,G34,DEP,0,,119
FLT00378,6E-887,6E,IndiGo,COK,AMD,2024-01-15T19:05:00,2024-01-15T20:17:00,VT-VM578,AT72,T3,G37,CNX,0,,121
FLT00379,AI-701,AI,Air India,BOM,COK,2024-01-15T11:07:00,2024-01-15T13:47:00,VT-JH223,B787,T2,G03,SCH,58,TECH,240
FLT00380,QP-544,QP,Akasa Air,PNQ,HYD,2024-01-15T16:39:00,2024-01-15T19:36:00,VT-GK332,B737,T1,G12,SCH,0,,134
FLT00381,AI-410,AI,Air India,DEL,PNQ,2024-01-15T08:58:00,2024-01-15T09:59:00,VT-WY488,B737,T3,G31,DEP,56,,329
FLT00382,IX-979,IX,Air India Express,AMD,HYD,2024-01-15T07:59:00,2024-01-15T09:15:00,VT-JL427,A330,T1,G13,SCH,0,,176
FLT00383,AI-251,AI,Air India,MAA,COK,2024-01-15T09:57:00,2024-01-15T12:20:00,VT-VN339,AT72,T2,G35,SCH,0,,317
FLT00384,QP-699,QP,Akasa Air,AMD,DEL,2024-01-15T08:58:00,2024-01-15T10:19:00,VT-UB458,A321,T3,G29,DEP,0,,310
FLT00385,UK-525,UK,Vistara,MAA,CCU,2024-01-16T00:26:00,2024-01-16T03:12:00,VT-KD619,AT72,T1,G22,SCH,0,,301
FLT00386,QP-337,QP,Akasa Air,GOI,COK,2024-01-15T14:55:00,2024-01-15T15:59:00,VT-EM627,A330,T2,G32,ARR,0,,329
FLT00387,AI-219,AI,Air India,COK,DEL,2024-01-15T19:24:00,2024-01-15T21:37:00,VT-ZD973,B787,T3,G05,BRD,0,,322
FLT00388,QP-337,QP,Akasa Air,GOI,CCU,2024-01-15T20:18:00,2024-01-15T22:47:00,VT-FS808,B738,T1,G11,BRD,0,,304
FLT00389,UK-918,UK,Vistara,GOI,CCU,2024-01-15T20:59:00,2024-01-15T22:15:00,VT-NJ294,A320,T3,G25,DEP,0,,321
FLT00390,SG-203,SG,SpiceJet,GOI,MAA,2024-01-15T14:38:00,2024-01-15T17:06:00,VT-BD741,AT72,T1,G31,SCH,0,,331
FLT00391,I5-278,I5,AirAsia India,PNQ,HYD,2024-01-15T13:00:00,2024-01-15T14:26:00,VT-AJ769,B737,T1,G02,BRD,0,,161
FLT00392,AI-903,AI,Air India,BOM,AMD,2024-01-15T19:41:00,2024-01-15T20:55:00,VT-NV953,A321,T1,G08,ARR,0,,254
FLT00393,IX-548,IX,Air India Express,DEL,GOI,2024-01-15T14:07:00,2024-01-15T17:01:00,VT-LN384,AT72,T3,G33,ARR,0,,105
FLT00394,QP-470,QP,Akasa Air,BOM,BLR,2024-01-15T08:28:00,2024-01-15T11:13:00,VT-WH324,A321,T1,G33,SCH,0,,185
FLT00395,SG-225,SG,SpiceJet,HYD,COK,2024-01-15T22:16:00,2024-01-16T00:19:00,VT-GB683,B737,T1,G10,DLY,0,,150
FLT00396,UK-832,UK,Vistara,PNQ,AMD,2024-01-15T05:13:00,2024-01-15T06:44:00,VT-KC356,A321,T2,G19,ARR,0,,270
FLT00397,I5-523,I5,AirAsia India,CCU,MAA,2024-01-15T10:10:00,2024-01-15T12:46:00,VT-CX469,B737,T3,G27,CNX,0,,299
FLT00398,I5-171,I5,AirAsia India,PNQ,GOI,2024-01-15T17:20:00,2024-01-15T20:20:00,VT-WC494,B738,T2,G10,CNX,0,,344
FLT00399,6E-688,6E,IndiGo,CCU,AMD,2024-01-15T18:42:00,2024-01-15T21:20:00,VT-PS208,B738,T2,G04,DEP,0,,157
FLT00400,AI-452,AI,Air India,COK,HYD,2024-01-15T19:18:00,2024-01-15T21:09:00,VT-EX410,A321,T3,G36,CNX,0,,240
